# x, y, z, Vx, Vy, Vz
-5.0191, 0, 89.5626, 10.0012, -0.000398669, -0.091758 
-5.0191, -1.5, 89.5626, 10.0026, -0.000762541, -0.0710359 
-5.0191, -2.08824, 89.5626, 10.0027, -0.000702135, 0.0146561 
-5.0191, -2.67647, 89.5626, 10.0017, -0.000364727, 0.0896754 
-5.0191, -3.26471, 89.5626, 10, -3.26849e-05, 0.125235 
-5.0191, -3.85294, 89.5626, 9.99837, 8.28674e-05, 0.137305 
-5.0191, -4.44118, 89.5626, 9.99728, 5.70245e-05, 0.14176 
-5.0191, -5.02941, 89.5626, 9.99663, 1.36489e-05, 0.14437 
-5.0191, -5.61765, 89.5626, 9.99627, -3.25221e-06, 0.145911 
-5.0191, -6.20588, 89.5626, 9.99611, -3.39041e-06, 0.146623 
-5.0191, -6.79412, 89.5626, 9.99611, 3.39084e-06, 0.146623 
-5.0191, -7.38235, 89.5626, 9.99627, 3.25247e-06, 0.145911 
-5.0191, -7.97059, 89.5626, 9.99663, -1.36493e-05, 0.14437 
-5.0191, -8.55882, 89.5626, 9.99728, -5.70255e-05, 0.14176 
-5.0191, -9.14706, 89.5626, 9.99837, -8.28678e-05, 0.137305 
-5.0191, -9.73529, 89.5626, 10, 3.26852e-05, 0.125235 
-5.0191, -10.3235, 89.5626, 10.0017, 0.000364727, 0.0896754 
-5.0191, -10.9118, 89.5626, 10.0027, 0.000702135, 0.014656 
-5.0191, -11.5, 89.5626, 10.0026, 0.000762541, -0.0710359 
-5.0191, 1.5, 89.5626, 10.0006, -0.000252476, -0.0491584 
-5.0191, 2.08824, 89.5626, 10.0004, -0.000223863, -0.0406827 
-5.0191, 2.67647, 89.5626, 10.0003, -0.000201791, -0.0343925 
-5.0191, 3.26471, 89.5626, 10.0003, -0.000184206, -0.0296506 
-5.0191, 3.85294, 89.5626, 10.0002, -0.000169393, -0.0259256 
-5.0191, 4.44118, 89.5626, 10.0002, -0.000156521, -0.0229729 
-5.0191, 5.02941, 89.5626, 10.0001, -0.000144877, -0.0205706 
-5.0191, 5.61765, 89.5626, 10.0001, -0.000134066, -0.018604 
-5.0191, 6.20588, 89.5626, 10.0001, -0.00012377, -0.0169713 
-5.0191, 6.79412, 89.5626, 10.0001, -0.000113793, -0.01561 
-5.0191, 7.38235, 89.5626, 10.0001, -0.000103987, -0.0144694 
-5.0191, 7.97059, 89.5626, 10, -9.42425e-05, -0.0135087 
-5.0191, 8.55882, 89.5626, 10, -8.44893e-05, -0.0127028 
-5.0191, 9.14706, 89.5626, 10, -7.46896e-05, -0.0120256 
-5.0191, 9.73529, 89.5626, 10, -6.48202e-05, -0.0114655 
-5.0191, 10.3235, 89.5626, 10, -5.48672e-05, -0.0110038 
-5.0191, 10.9118, 89.5626, 10, -4.48526e-05, -0.0106361 
-5.0191, 11.5, 89.5626, 10, -3.47924e-05, -0.0103491 
