# x, y, z, Vx, Vy, Vz
-5.0191, 0, 89.5626, 10.0012, -0.000389851, -0.0918195 
-5.0191, -1.5, 89.5626, 10.0027, -0.000675924, -0.0714403 
-5.0191, -2.08824, 89.5626, 10.0028, -0.000610641, 0.0146605 
-5.0191, -2.67647, 89.5626, 10.0016, -0.000291809, 0.08959 
-5.0191, -3.26471, 89.5626, 9.99975, 1.21806e-05, 0.125258 
-5.0191, -3.85294, 89.5626, 9.99803, 0.000103883, 0.136847 
-5.0191, -4.44118, 89.5626, 9.99691, 6.67612e-05, 0.141241 
-5.0191, -5.02941, 89.5626, 9.99625, 1.91192e-05, 0.143796 
-5.0191, -5.61765, 89.5626, 9.99588, -2.02621e-06, 0.145323 
-5.0191, -6.20588, 89.5626, 9.9957, -2.72788e-06, 0.146015 
-5.0191, -6.79412, 89.5626, 9.9957, 2.72831e-06, 0.146015 
-5.0191, -7.38235, 89.5626, 9.99588, 2.02655e-06, 0.145323 
-5.0191, -7.97059, 89.5626, 9.99625, -1.91196e-05, 0.143796 
-5.0191, -8.55882, 89.5626, 9.99691, -6.67621e-05, 0.141241 
-5.0191, -9.14706, 89.5626, 9.99803, -0.000103883, 0.136847 
-5.0191, -9.73529, 89.5626, 9.99975, -1.21804e-05, 0.125258 
-5.0191, -10.3235, 89.5626, 10.0016, 0.000291809, 0.08959 
-5.0191, -10.9118, 89.5626, 10.0028, 0.000610641, 0.0146605 
-5.0191, -11.5, 89.5626, 10.0027, 0.000675924, -0.0714403 
-5.0191, 1.5, 89.5626, 10.0006, -0.000255783, -0.0491123 
-5.0191, 2.08824, 89.5626, 10.0004, -0.000226875, -0.0406013 
-5.0191, 2.67647, 89.5626, 10.0003, -0.000204435, -0.0343557 
-5.0191, 3.26471, 89.5626, 10.0003, -0.00018632, -0.029608 
-5.0191, 3.85294, 89.5626, 10.0002, -0.000171119, -0.0259014 
-5.0191, 4.44118, 89.5626, 10.0002, -0.000157893, -0.022947 
-5.0191, 5.02941, 89.5626, 10.0001, -0.000145994, -0.0205526 
-5.0191, 5.61765, 89.5626, 10.0001, -0.000134973, -0.0185869 
-5.0191, 6.20588, 89.5626, 10.0001, -0.000124517, -0.0169572 
-5.0191, 6.79412, 89.5626, 10.0001, -0.000114408, -0.0155977 
-5.0191, 7.38235, 89.5626, 10.0001, -0.000104489, -0.014458 
-5.0191, 7.97059, 89.5626, 10, -9.46524e-05, -0.0134992 
-5.0191, 8.55882, 89.5626, 10, -8.48267e-05, -0.0126931 
-5.0191, 9.14706, 89.5626, 10, -7.49694e-05, -0.0120181 
-5.0191, 9.73529, 89.5626, 10, -6.50459e-05, -0.0114572 
-5.0191, 10.3235, 89.5626, 10, -5.50568e-05, -0.0109974 
-5.0191, 10.9118, 89.5626, 10, -4.49762e-05, -0.0106284 
-5.0191, 11.5, 89.5626, 10, -3.48528e-05, -0.0103428 
